{"cameraMode":{"drawMode":0,"name":"Shaded","section":"Shading Mode"},"sceneLighting":false,"audioPlay":false,"sceneViewState":{"m_AlwaysRefresh":false,"showFog":true,"showSkybox":false,"showFlares":true,"showImageEffects":true,"showParticleSystems":true,"showVisualEffectGraphs":true,"m_FxEnabled":true},"in2DMode":false,"pivot":{"x":6.190789699554443,"y":0.5117583274841309,"z":9.425544738769532},"rotation":{"x":0.010301141068339348,"y":0.9796147346496582,"z":-0.19378894567489625,"w":0.05206246301531792},"size":0.9421567916870117,"orthographic":false}